study_code,n_participants,age_mean,age_sd,n_iphone,n_android,n_gender_male,n_gender_female,n_gender_missing,n_edu_hs,n_edu_u4,n_edu_4c,n_edu_grad,n_edu_missing,n_race_white,n_race_black,n_race_asian,n_race_aian,n_race_other,n_race_missing
Study A,16,19.4375,1.1528949070347507,0,16,4,12,0,16,0,0,0,0,7,4,5,0,0,0
Study B,11,31.545454545454547,9.511715264489748,7,4,8,3,0,1,6,3,1,0,9,1,1,0,0,0
Study C,12,20.416666666666668,1.5050420310248864,12,0,5,7,0,12,0,0,0,0,9,2,1,0,0,0
Study D,59,41.08771929824562,6.3309915206139085,40,19,0,57,2,0,3,36,13,7,32,12,7,0,5,3
Study E,39,18.435897435897434,0.5980174172288311,35,4,16,23,0,39,0,0,0,0,14,3,14,0,5,3
Study F,74,18.22972972972973,0.6733131595957839,69,5,36,38,0,74,0,0,0,0,46,9,9,2,5,3
Total,211,25.42105263157895,10.796845018253164,163,48,69,140,2,142,9,39,14,7,117,31,37,2,15,9
